{"cameraMode":{"drawMode":0,"name":"Shaded","section":"Shading Mode"},"sceneLighting":false,"audioPlay":false,"sceneViewState":{"showFog":true,"showMaterialUpdate":false,"showSkybox":true,"showFlares":true,"showImageEffects":true,"showParticleSystems":true},"in2DMode":false,"pivot":{"x":94.14042663574219,"y":14.345617294311524,"z":-54.983856201171878},"rotation":{"x":0.024765094742178918,"y":0.973491370677948,"z":-0.1286637783050537,"w":0.18771545588970185},"size":372.2009582519531,"orthographic":false}