{"cameraMode":{"drawMode":0,"name":"Shaded","section":"Shading Mode"},"sceneLighting":false,"audioPlay":false,"sceneViewState":{"showFog":true,"showMaterialUpdate":false,"showSkybox":true,"showFlares":true,"showImageEffects":true,"showParticleSystems":true},"in2DMode":false,"pivot":{"x":-0.9842758178710938,"y":1.600866436958313,"z":-0.8120056390762329},"rotation":{"x":0.0003644454700406641,"y":0.9971141815185547,"z":-0.07582497596740723,"w":0.004782223142683506},"size":6.504014015197754,"orthographic":false}