{"cameraMode":{"drawMode":0,"name":"Shaded","section":"Shading Mode"},"sceneLighting":false,"audioPlay":false,"sceneViewState":{"showFog":true,"showMaterialUpdate":false,"showSkybox":true,"showFlares":true,"showImageEffects":true,"showParticleSystems":true},"in2DMode":false,"pivot":{"x":0.24906396865844727,"y":1.9826961755752564,"z":-1.7053947448730469},"rotation":{"x":0.0181218720972538,"y":0.9726608991622925,"z":-0.08130655437707901,"w":0.2167871743440628},"size":6.204013824462891,"orthographic":false}