{"cameraMode":{"drawMode":0,"name":"Shaded","section":"Shading Mode"},"sceneLighting":true,"audioPlay":false,"sceneViewState":{"showFog":true,"showMaterialUpdate":false,"showSkybox":true,"showFlares":true,"showImageEffects":true,"showParticleSystems":true},"in2DMode":false,"pivot":{"x":-100.87255096435547,"y":-74.00391387939453,"z":-57.690189361572269},"rotation":{"x":-0.1478799730539322,"y":0.8209097385406494,"z":-0.24586425721645356,"w":-0.4937528073787689},"size":150.91712951660157,"orthographic":false}