{"cameraMode":{"drawMode":0,"name":"Shaded","section":"Shading Mode"},"sceneLighting":true,"audioPlay":false,"sceneViewState":{"showFog":true,"showMaterialUpdate":false,"showSkybox":true,"showFlares":true,"showImageEffects":true,"showParticleSystems":true},"in2DMode":false,"pivot":{"x":-1.818322777748108,"y":-0.9609041213989258,"z":-16.712984085083009},"rotation":{"x":-0.00013255425437819213,"y":0.9960860013961792,"z":-0.08838458359241486,"w":-0.001494076568633318},"size":24.985872268676759,"orthographic":false}