{"cameraMode":{"drawMode":0,"name":"Shaded","section":"Shading Mode"},"sceneLighting":true,"audioPlay":false,"sceneViewState":{"showFog":true,"showMaterialUpdate":false,"showSkybox":true,"showFlares":true,"showImageEffects":true,"showParticleSystems":true},"in2DMode":false,"pivot":{"x":-3.8427734375,"y":-0.8307662010192871,"z":-10.437969207763672},"rotation":{"x":-0.010258493013679982,"y":0.9855934977531433,"z":-0.15591932833194734,"w":-0.06485069543123245},"size":13.48337459564209,"orthographic":false}