{"cameraMode":{"drawMode":0,"name":"Shaded","section":"Shading Mode"},"sceneLighting":true,"audioPlay":false,"sceneViewState":{"showFog":true,"showMaterialUpdate":false,"showSkybox":true,"showFlares":true,"showImageEffects":true,"showParticleSystems":true},"in2DMode":false,"pivot":{"x":218.07522583007813,"y":-91.78288269042969,"z":183.42991638183595},"rotation":{"x":0.15135110914707185,"y":0.4192292392253876,"z":-0.07108914107084274,"w":0.8923744559288025},"size":328.2958679199219,"orthographic":false}