{"cameraMode":{"drawMode":0,"name":"Shaded","section":"Shading Mode"},"sceneLighting":true,"audioPlay":false,"sceneViewState":{"showFog":true,"showMaterialUpdate":false,"showSkybox":true,"showFlares":true,"showImageEffects":true,"showParticleSystems":true},"in2DMode":false,"pivot":{"x":-29.860107421875,"y":22.3157958984375,"z":-58.56494140625},"rotation":{"x":0.06393216550350189,"y":-0.1268908530473709,"z":0.008196771144866944,"w":0.9898232817649841},"size":187.56544494628907,"orthographic":false}