{"cameraMode":{"drawMode":0,"name":"Shaded","section":"Shading Mode"},"sceneLighting":false,"audioPlay":false,"sceneViewState":{"showFog":true,"showMaterialUpdate":false,"showSkybox":true,"showFlares":true,"showImageEffects":true,"showParticleSystems":true},"in2DMode":false,"pivot":{"x":-2.7542672157287599,"y":1.600866436958313,"z":-1.7409541606903077},"rotation":{"x":0.02690543420612812,"y":0.9519317746162415,"z":-0.29227614402770998,"w":0.08763015270233154},"size":3.8040125370025636,"orthographic":false}