{"cameraMode":{"drawMode":0,"name":"Shaded","section":"Shading Mode"},"sceneLighting":false,"audioPlay":false,"sceneViewState":{"showFog":true,"showMaterialUpdate":false,"showSkybox":true,"showFlares":true,"showImageEffects":true,"showParticleSystems":true},"in2DMode":false,"pivot":{"x":261.79998779296877,"y":504.5999755859375,"z":0.0},"rotation":{"x":-0.038388125598430637,"y":0.006902365013957024,"z":-0.00026204215828329325,"w":-0.9992505311965942},"size":1148.0068359375,"orthographic":true}