{"cameraMode":{"drawMode":0,"name":"Shaded","section":"Shading Mode"},"sceneLighting":false,"audioPlay":false,"sceneViewState":{"showFog":true,"showMaterialUpdate":false,"showSkybox":true,"showFlares":true,"showImageEffects":true,"showParticleSystems":true},"in2DMode":false,"pivot":{"x":-0.749275803565979,"y":1.600866436958313,"z":-1.4798015356063843},"rotation":{"x":-0.0018837670795619488,"y":-0.9971137642860413,"z":0.07131358981132508,"w":-0.02631826139986515},"size":6.504014015197754,"orthographic":false}