{"cameraMode":{"drawMode":0,"name":"Shaded","section":"Shading Mode"},"sceneLighting":false,"audioPlay":false,"sceneViewState":{"showFog":true,"showMaterialUpdate":false,"showSkybox":true,"showFlares":true,"showImageEffects":true,"showParticleSystems":true},"in2DMode":false,"pivot":{"x":-0.17267143726348878,"y":1.0503294467926026,"z":0.0589979887008667},"rotation":{"x":0.045782774686813357,"y":-0.9535385966300964,"z":0.19130724668502809,"w":0.22819742560386659},"size":0.8020831942558289,"orthographic":false}