{"cameraMode":{"drawMode":0,"name":"Shaded","section":"Shading Mode"},"sceneLighting":false,"audioPlay":false,"sceneViewState":{"showFog":true,"showMaterialUpdate":false,"showSkybox":true,"showFlares":true,"showImageEffects":true,"showParticleSystems":true},"in2DMode":false,"pivot":{"x":-8.816333770751954,"y":2.857107400894165,"z":3.67653751373291},"rotation":{"x":0.0055115376599133019,"y":-0.9935575127601624,"z":0.09868481755256653,"w":0.05549522489309311},"size":70.64588165283203,"orthographic":false}